rank,uri,artist_names,track_name,source,peak_rank,previous_rank,weeks_on_chart,streams
1,"spotify:track:6WatFBLVB0x077xWeoVc2k","KAROL G","Si Antes Te Hubiera Conocido","Bichota/Interscope Records",1,1,5,"696220"
2,"spotify:track:2btNsI4OvcVl7SAHQQDHFB","Blessd, Ovy On The Drums","Mirame","WEA Latina",2,2,13,"676671"
3,"spotify:track:7bywjHOc0wSjGGbj04XbVi","Feid, ATL Jacob","LUNA","UMLE - Latino",1,4,34,"559813"
4,"spotify:track:63pLfjK6FvcYJYMGwtHjd6","Feid","SORRY 4 THAT MUCH","UMLE - Latino",2,5,7,"513601"
5,"spotify:track:1pymWRCuZfCd0zdiBJo0Hj","Trueno","REAL GANGSTA LOVE","Sony Music Latin",1,3,9,"504692"
6,"spotify:track:3KZCP2StVGdWkOKyRZNWA4","Plan B","Es un Secreto","Pina Records",4,7,169,"403718"
7,"spotify:track:6XjDF6nds4DE2BBbagZol6","FloyyMenor, Cris Mj","Gata Only","FloyyMenor under exclusive license to UnitedMasters LLC",2,6,24,"380915"
8,"spotify:track:0rNqDh9zWWJVTLS4VfceHP","Feid, Yandel","Brickell","Everything Is Gonna Be Alright, Inc. / La Leyenda, LLC/ Universal Music Latino/Warner",3,8,13,"357621"
9,"spotify:track:1fTjqf10accJCDYstPwwZ6","Kapo","Ohnana","Sony Music Latin/La Industria",9,24,4,"326997"
10,"spotify:track:505v13epFXodT9fVAJ6h8k","KAROL G","AMARGURA","Universal Music Latino",4,12,74,"322837"
11,"spotify:track:3tt9i3Hhzq84dPS8H7iSiJ","Manuel Turizo","La Bachata","Sony Music Latin/La Industria",1,9,112,"319246"
12,"spotify:track:7iQXYTyuG13aoeHxGG28Nh","Bad Bunny, Feid","PERRO NEGRO","Rimas Entertainment LLC",1,10,41,"316998"
13,"spotify:track:6a9Z1jUms915w4O7N1PxjY","Rvssian, Rauw Alejandro, Ayra Starr","Santa","Sony Music Latin",2,11,15,"308433"
14,"spotify:track:5pVJ3IlnpIorU44oXizzG5","Boza, ELENA ROSE","Orion","Sony Music Latin",13,13,6,"307296"
15,"spotify:track:5RqSsdzTNPX1uzkmlHCFvK","KAROL G, Peso Pluma","QLONA","Bichota/Interscope Records",1,14,50,"283092"
16,"spotify:track:7s4emXHJwAuo5VvGBXmnBL","Young Miko, Feid","offline","Wave Music Group",4,15,16,"268181"
17,"spotify:track:7iUtQNMRB8ZkKC4AmEuCJC","Myke Towers","LA FALDA","WEA Latina",3,16,35,"250857"
18,"spotify:track:2CeKVsFFXG4QzA415QygGb","Feid","Feliz Cumpleaños Ferxxo","UMLE - Latino",1,18,101,"248680"
19,"spotify:track:54zcJnb3tp9c5OVKREZ1Is","KAROL G","MI EX TENÍA RAZÓN","Bichota/Interscope Records",4,21,50,"236586"
20,"spotify:track:5Uptvz6j1sjDKxidAcnH2L","Cris Mj","SI NO ES CONTIGO","Sonar LLC.",16,17,8,"228959"
21,"spotify:track:1hZsWUnLbqRw09jLAMQSsb","Feid, Young Miko","CLASSY 101","UMLE - Latino",1,22,69,"227207"
22,"spotify:track:6DUdDIRgLqCGq1DwkNWQTN","Maluma","Borro Cassette","Sony Music Latin",19,19,112,"225423"
23,"spotify:track:7tI8dRuH2Yc6RuoTjxo4dU","Jimin","Who","BIGHIT MUSIC",23,-1,1,"217507"
24,"spotify:track:5jFA0f4ZDGLbQP4nxzL8D4","Lomiiel","HAY LUPITA","Open Shift Distribution",24,45,11,"215720"
25,"spotify:track:0LZy30mVmxqUpdQmaXKXBd","Myke Towers, Bad Bunny","ADIVINO","WEA Latina",4,20,13,"212140"
26,"spotify:track:1FlL8ycld6uVDDyhV7P5FA","Rauw Alejandro","Cúrame","Sony Music Latin/Duars Entertainment",9,25,72,"209414"
27,"spotify:track:4OyzSXRSadNQt5EMwASdap","Camila","Todo Cambió","Columbia",22,28,29,"208059"
28,"spotify:track:3fJHbMUnzceimOnNjp63fF","Carin Leon","Primera Cita","Socios Music, LLC",7,30,56,"205607"
29,"spotify:track:0fea68AdmYNygeTGI4RC18","J Balvin, Bad Bunny","LA CANCIÓN","Universal Music Latino / Rimas",2,27,265,"204100"
30,"spotify:track:0T2pB7P1VdXPhLdQZ488uH","Feid","Normal","UMLE - Latino",6,26,107,"196702"
31,"spotify:track:6BpZpCM8d8FJnVnr1IbnFL","Alvaro Diaz, Feid","GATITAS SANDUNGUERAS VOL.1","UMG Recordings, Inc./Universal Music Latino",7,23,10,"193189"
32,"spotify:track:7MVIfkyzuUmQ716j8U7yGR","Taiu, Milo j","Rara Vez","Universal Music Argentina S.A.",7,29,75,"189973"
33,"spotify:track:100Tm6z29RfHTdUQ6NIs0s","Julieta Venegas","Me Voy","Ariola",27,39,47,"189906"
34,"spotify:track:5jt25aFjW2kNoBqaEVaz5W","Mora, Feid","LA INOCENTE","Rimas Entertainment LLC",8,37,121,"184313"
35,"spotify:track:6XbtvPmIpyCbjuT0e8cQtp","Quevedo","Columbia","Quevedo",2,36,55,"182986"
36,"spotify:track:6mmPpaltUZK7xjNlBPQQ0p","Rauw Alejandro, Chencho Corleone","Desesperados","Sony Music Latin/Duars Entertainment",1,35,121,"181200"
37,"spotify:track:6kPCcIAGoTeRrh8qrmKa90","Tiago PZK, Ke Personajes","Piel","WEA Latina",11,34,20,"177183"
38,"spotify:track:4khWEpnaijN0G1x019Uzdr","Morat","No Se Va","Universal Music Spain S.L.",27,53,161,"177162"
39,"spotify:track:5KbBVSj6AJZ5662fO8EYFh","Marshmello, Manuel Turizo","El Merengue","Sony Music Latin",21,38,73,"175718"
40,"spotify:track:4bw8mcDUSRWfQo63ZTYRnU","Maluma, Carin Leon","Según Quién","Sony Music Latin",3,32,48,"175653"
41,"spotify:track:4yyCGGdTVaYG17vhsrUPoL","FloyyMenor, Lewis Somes","APAGA EL CEL","FloyyMenor under exclusive license to UnitedMasters LLC",41,41,8,"175399"
42,"spotify:track:2mLTxNa0bwZX8eNBsuODLX","Camilo, Carin Leon","Una Vida Pasada","Sony Music Latin/Hecho a Mano (HAMM)",15,33,14,"174496"
43,"spotify:track:3b1IQflSLrgzYQPGFzI9cl","Juanes","Es Por Ti","Int'l Latin America",35,42,97,"169105"
44,"spotify:track:4OwhwvKESFtuu06dTgct7i","Marc Seguí, Rauw Alejandro, Pol Granch","Tiroteo - Remix","WEA Latina",11,43,124,"169052"
45,"spotify:track:46YjJXVXWHlQ21odKktg5e","Tainy, Bad Bunny","MOJABI GHOST","NEON16, LLC",5,40,56,"166161"
46,"spotify:track:27ze5t5tIDPlVits0KRbxT","Aventura","El Perdedor","Premium Latin Music",11,48,46,"165922"
47,"spotify:track:0OEBOJhSObnFuHuasXdt52","Shakira","Dia de Enero","Epic",46,52,38,"160059"
48,"spotify:track:7MmrcXVA7A5zZ2CbDuGHNa","Rels B","A Mí","DALE PLAY Records / Flakk Team",33,44,235,"152068"
49,"spotify:track:1HWbpfmzt1YplLceHgirCv","Adolescent's Orquesta","Virgen","KORTA RECORDS",49,50,156,"150763"
50,"spotify:track:2naqSVQHgiaoEpxtkVOhmK","Dimension Latina","Llorarás","Musart-Balboa",39,56,102,"147058"
51,"spotify:track:0UXlu64mDLvfzR8IXMz06J","Christian Nodal","Ya No Somos Ni Seremos","Producciones Ladon, S.A de C.V.",27,47,78,"143499"
52,"spotify:track:1sbNEFiURUYfy024cJX8JG","Feid","Ferxxo 100","UMLE - Latino",12,57,112,"143437"
53,"spotify:track:072YgF7J2clpY8DsWOpEri","Sin Bandera","Mientes Tan Bien","Epic",53,59,4,"140540"
54,"spotify:track:2FNqnsX74ZlwduUAcnmzee","Daddy Yankee, Zion & Lennox","Tu Príncipe","Gasolina Recording Co.",54,65,58,"139594"
55,"spotify:track:71iAechwVKGu26pahzFL0k","Morat","Cuando Nadie Ve","Universal Music Spain S.L.",13,91,275,"139115"
56,"spotify:track:6ifUES3keWjwXgae8pXI3o","Danny Ocean","Me Rehúso","Atlantic Records",2,63,396,"137864"
57,"spotify:track:35wvL50xvKpCHEJPxLOLPI","Bad Bunny","Si Estuviésemos Juntos","Rimas Entertainment LLC",23,54,279,"137605"
58,"spotify:track:6URNgz911jj10KXTFtevcS","Plan B","Por Que Te Demoras?","Pina Records",26,46,86,"137113"
59,"spotify:track:0TUW9faHNaBmi89wsYGp9y","Trueno, Nicki Nicole, Bizarrap, Taiu, TATOOL","Mamichula - con Nicki Nicole","NEUEN",6,49,73,"134916"
60,"spotify:track:69Ej1xrGjOcHvIMtMKxK0G","Don Omar","Dile","UMLE - Machete",17,55,211,"134372"
61,"spotify:track:4UHRMwbbiZ7tkeEkhyN7iB","Adolescent's Orquesta","Persona Ideal - Me Tengo Que Ir","KORTA RECORDS",61,66,33,"133801"
62,"spotify:track:2mRwodUOATBk5spcUsEidB","Rels B","La Última Canción","Sony Music Entertainment",62,70,4,"133313"
63,"spotify:track:3HqcNJdZ2seoGxhn0wVNDK","KAROL G","PROVENZA","Universal Music Latino",1,75,118,"132769"
64,"spotify:track:4HYDUMY0xSpeBr0AMY9cUz","Jay Wheeler, DJ Nelson, Myke Towers","La Curiosidad","Linked Music / Dynamic Records / EMPIRE",1,51,215,"131157"
65,"spotify:track:5YJ4BVvTFmVCxUyhKejHfR","Tego Calderón","Pa' Que Retozen","Jiggiri Records, Inc.",24,67,187,"130027"
66,"spotify:track:6VrQTLzzuyGIYjUDe4kAZk","Bad Bunny","Un Coco","Rimas Entertainment LLC",12,85,115,"129552"
67,"spotify:track:1mlGScrDQqHqmhdIqE8MmA","Morat, Juanes","Besos En Guerra","Universal Music Spain S.L.",24,113,322,"127875"
68,"spotify:track:0O3U5iwTbiXCREMkvotJuN","Grupo Frontera, Grupo Firme","EL AMOR DE SU VIDA","Grupo Frontera",30,71,40,"127502"
69,"spotify:track:1aUq8rjW1EwkAkMri4VfJy","Rauw Alejandro, Lyanno, Brray","LOKERA","Sony Music Latin/Duars Entertainment",8,72,101,"126924"
70,"spotify:track:0R6NfOiLzLj4O5VbYSJAjf","Xavi","La Diabla","Interscope Records",2,60,32,"126451"
71,"spotify:track:6Pur3hWy6Nzc27ilmsp5HA","Los Enanitos Verdes","Lamento Boliviano","EMI Latin",50,95,300,"126433"
72,"spotify:track:0CYTGMBYkwUxrj1MWDLrC5","Feid","CHORRITO PA LAS ANIMAS","UMLE - Latino",4,61,86,"125980"
73,"spotify:track:6OKhBvddAlWxxFnjbpilhu","Los Enanitos Verdes","La Muralla Verde","Columbia",62,62,10,"125267"
74,"spotify:track:5Eax0qFko2dh7Rl2lYs3bx","Bad Bunny","Efecto","Rimas Entertainment LLC",2,83,116,"124789"
75,"spotify:track:3KeYEr9ogMBemsOfQIJmZp","Big One, Maria Becerra, Trueno","Cuando Te Vi | CROSSOVER #5","Fifty One",75,79,4,"124638"
76,"spotify:track:4YnmQG1fnJR9LnTZtix70T","J Abdiel, De La Rose, Yan Block, iZaak, Jay Wheeler","WYA REMIX RED","SONAR LLC.",76,87,7,"124491"
77,"spotify:track:6uIIdjYTxxpWOyWuVXrKQO","Calle 24, Chino Pacas, Fuerza Regida","Que Onda","Street Mob Records",5,58,46,"124426"
78,"spotify:track:3rdAz1fbUfZxYgaCviYhRo","Rauw Alejandro","Todo De Ti","Sony Music Latin/Duars Entertainment",1,76,130,"124202"
79,"spotify:track:0DWdj2oZMBFSzRsi2Cvfzf","KAROL G, Shakira","TQG","Universal Music Latino",1,102,74,"123662"
80,"spotify:track:6Xom58OOXk2SoU711L2IXO","Bad Bunny","Moscow Mule","Rimas Entertainment LLC",1,90,116,"123032"
81,"spotify:track:6VsqdsaY4oV06NODea0L0J","Becky G, Ángela Aguilar, Leonardo Aguilar","POR EL CONTRARIO (with Angela Aguilar & Leonardo Aguilar)","Kemosabe Records/RCA Records/Sony Music Latin",41,77,27,"123011"
82,"spotify:track:6aommJFM8i3iT4inKuDSXh","Jósean Log","Chachachá","Jósean Log",60,96,238,"122774"
83,"spotify:track:6otePxalBK8AVa20xhZYVQ","KAROL G","MIENTRAS ME CURO DEL CORA","Universal Music Latino",12,94,74,"122631"
84,"spotify:track:3HgvO4B5LLmdPOT2d8cSZd","LAGOS, Danny Ocean","Mónaco","WM Mexico",84,103,24,"121961"
85,"spotify:track:4Dvkj6JhhA12EX05fT7y2e","Harry Styles","As It Was","Columbia",5,68,121,"121395"
86,"spotify:track:6Sq7ltF9Qa7SNFBsV5Cogx","Bad Bunny, Chencho Corleone","Me Porto Bonito","Rimas Entertainment LLC",1,74,116,"120892"
87,"spotify:track:3k3NWokhRRkEPhCzPmV8TW","Bad Bunny, Bomba Estéreo","Ojitos Lindos","Rimas Entertainment LLC",1,84,116,"119038"
88,"spotify:track:6Z0ybnsUBhbZ9ZjPW64eoF","Belanova","Rosa Pastel","Universal Music Mexico",27,78,73,"118143"
89,"spotify:track:6dOtVTDdiauQNBQEDOtlAB","Billie Eilish","BIRDS OF A FEATHER","Darkroom/Interscope Records",63,82,10,"117274"
90,"spotify:track:5mD7jI5GrDmsadKibEYho2","Sossa, Bruno Marcelo, Rich Ibra, Vyse, Joel The B, Hoppen","Toky","The University Music",61,99,66,"116570"
91,"spotify:track:2awKQgW88iq9jFM54VaCAp","La Quinta Estacion","El Sol No Regresa","Ariola",57,69,8,"116415"
92,"spotify:track:2yzshFeBIwH8tWIqHEFLeD","Grupo Frontera, Bad Bunny","un x100to","Grupo Frontera",1,97,67,"116354"
93,"spotify:track:4tQofG51E0juZBBVr6pral","Mora","Tuyo","Rimas Entertainment LLC",52,92,84,"114792"
94,"spotify:track:4NUt1fcnO9aQAELBgXq3Kr","Alejandro Fernández","Me Dediqué a Perderte","Columbia",94,114,231,"114704"
95,"spotify:track:5IlLm20JXhKbMtsH20NblC","Rels B","lo que hay x aquí","DALE PLAY Records / Flakk Team",26,80,72,"114482"
96,"spotify:track:6NdKkfo7o6IH1Op0jsBDjN","Plan B","Si No Le Contesto","Pina Records",58,86,66,"114165"
97,"spotify:track:63Zaf8Rci6eOUPqDQ4fUFx","Camilo, Christian Nodal","La Mitad","Sony Music Latin",42,93,69,"113973"
98,"spotify:track:43PiEypaceH339CSNiggyj","iZaak, JHAYCO, Anuel AA","BBY BOO - REMIX","WEA Latina",31,81,17,"113918"
99,"spotify:track:5jW3rF4URMdK7tO2xjS5EI","Paulo Londra","Tal Vez","WEA Latina",2,136,221,"113667"
100,"spotify:track:1zsPaEkglFvxjAhrM8yhpr","Ozuna, Feid","Hey Mor","Aura Music Corp.",2,100,94,"113241"
101,"spotify:track:19CmuECYssqkPWANF4nLWM","La Mosca Tse-Tse","Para No Verte Más","EMI Argentina",74,104,69,"113180"
102,"spotify:track:1LiN0Z98FkR1t0m8KmLcAH","Anuel AA, Haze","Amanece","House of Haze",8,73,150,"112330"
103,"spotify:track:5clFSlfkCRlhnH1cAQjSBi","De La Ghetto, Randy","Sensacion Del Bloque","Capitol Latin",52,111,171,"112229"
104,"spotify:track:5N3hjp1WNayUPZrA8kJmJP","Sabrina Carpenter","Please Please Please","Island Records",37,64,7,"111684"
105,"spotify:track:1uKjQoh8JZj9ryuYRhpd7E","Luis Miguel","Ahora Te Puedes Marchar","WM Mexico",61,88,127,"111256"
106,"spotify:track:6lFM8kkmpffm0aq2gzEtEK","Aventura","Dile al Amor","Premium Latin Music",19,108,44,"110996"
107,"spotify:track:132ALUzVLmqYB4UsBj5qD6","Paulo Londra","Adan y Eva","WEA Latina",1,118,210,"110985"
108,"spotify:track:66iygyOSvvoQQsKJ1vEXfT","Franco De Vita","Tú de Qué Vas","Pop Music",101,101,3,"110692"
109,"spotify:track:1WH3iquIQXnSPwUzlROT8R","Manuel Turizo","Quiéreme Mientras Se Pueda","Sony Music Latin/La Industria",12,109,101,"109674"
110,"spotify:track:0KAqMRUSZwzG3dZLdDA4eH","Shakira","Antologia","Epic",95,110,13,"108313"
111,"spotify:track:4waqcUQWdj0yH26STWl2Rq","La Oreja de Van Gogh","Rosas","Columbia",27,161,73,"107288"
112,"spotify:track:2pIIRKRwWSi1Sb29VYLOOa","Morat","Debí Suponerlo","Universal Music Spain S.L.",50,183,58,"106856"
113,"spotify:track:1C84d9abZVKWHT2YYpoean","Luis R Conriquez, Neton Vega","Si No Quieres No","Kartel Music",67,105,11,"106808"
114,"spotify:track:77dMSg2VHi2wwXjXNrmcrZ","Paulo Londra, Lenny Tavárez","Nena Maldición (feat. Lenny Tavárez)","WEA Latina",6,142,225,"106513"
115,"spotify:track:7ABLbnD53cQK00mhcaOUVG","Myke Towers","LALA","WEA Latina",1,106,57,"106307"
116,"spotify:track:2UW7JaomAMuX9pZrjVpHAU","Yng Lvcas, Peso Pluma","La Bebe - Remix","WM Mexico",4,98,71,"105294"
117,"spotify:track:0LpEr3qpmDQ1gEabnsQlGC","Manuel Medrano","La Distancia","WM Mexico",108,125,6,"105073"
118,"spotify:track:2G74yhtIMW8tJY5I83dS4Z","Reyli Barba","Amor del Bueno","Pop Music",118,128,34,"104998"
119,"spotify:track:2LsbizbOeNa4x6qsi2jAMb","Jarabe De Palo","La flaca","Parlophone Spain",93,133,189,"103190"
120,"spotify:track:4skuEIloXWuxxgekKupkEH","Mon Laferte","Tu Falta De Querer","Universal Music Mexico",94,146,109,"102915"
121,"spotify:track:7FlQk2gJ6TBrHHiidvdR2O","Becky G, KAROL G","MAMIII","Kemosabe Records/RCA Records/Sony Music Latin",1,137,114,"102542"
122,"spotify:track:21nc3O8OncUv1jjSrC1ML2","Yiyo Sarante","Corazon de Acero","TranKYouTV",60,135,176,"101933"
123,"spotify:track:7hynhxDoDpgMIV12JuVtNa","J Balvin, Bad Bunny, Marciano Cantero","UN PESO","Universal Music Latino / Rimas",25,132,265,"101923"
124,"spotify:track:1agDCV4zQqaFwJQNsTgmL1","Jimin, Loco","Smeraldo Garden Marching Band (feat. Loco)","BIGHIT MUSIC",82,-1,2,"101514"
125,"spotify:track:2J9B63FawlTaPdg4eH5X03","Beéle","Loco","Hear This Music",15,156,74,"100979"
126,"spotify:track:0QMnlDSfdLaSaEVdgAtthL","DJ Lalo, Jøtta, Lil New","Melissa & Julissa","New School",99,126,10,"100715"
127,"spotify:track:35ttE4t8lQZA2vuCYDg4G7","Milo j","M.A.I","DALE PLAY Records",26,127,34,"100098"
128,"spotify:track:08pbRBstuvH7ArRxeb8fwT","Nanpa Básico, Beéle","Hasta Aquí Llegué","5020 Records",128,-1,1,"99193"
129,"spotify:track:0HDHY6RSHHG2ZTE0cMT4GJ","Aventura","Los Infieles","Premium Latin Music",26,107,21,"98732"
130,"spotify:track:7chTH3GBjjAyagf0SPCZDL","Blessd, Feid","SI SABE FERXXO","WEA Latina",12,124,26,"98272"
131,"spotify:track:56TE6fxZAcfQGcMVmezo7B","Tony Dize","El Doctorado","Pina Records",75,115,74,"98236"
132,"spotify:track:0cubEBmB9wjsdBwXNFmzFy","Morat, Feid","Salir Con Vida","Universal Music Spain S.L.",22,196,43,"98233"
133,"spotify:track:2WfaOiMkCvy7F5fcp2zZ8L","a-ha","Take on Me","Rhino",133,144,18,"97837"
134,"spotify:track:6G4U9avyBNEfP0fAIduev3","Aventura, Don Omar","Ella Y Yo - Featuring Don Omar","Premium Latin Music",42,129,177,"97498"
135,"spotify:track:0QoaFLmBJyuVuzOIGy6iCS","The Academy: Segunda Misión, Sech, Justin Quiles, Lenny Tavárez, Dalex, Dímelo Flow, Myke Towers","LA RANGER (feat. Myke Towers)","WEA Latina",13,117,17,"97343"
136,"spotify:track:5496lks6V3fh1mZAB6IAap","Sevdaliza, Pabllo Vittar, Yseult","Alibi (with Pabllo Vittar & Yseult)","Twisted Elegance",136,147,2,"97199"
137,"spotify:track:2qSkIjg1o9h3YT9RAgYN75","Sabrina Carpenter","Espresso","Island Records",53,112,14,"97166"
138,"spotify:track:1yoMvmasuxZfqHEipJhRbp","Maluma","Hawái","Sony Music Latin",1,116,159,"96958"
139,"spotify:track:6gMj2DzKR2PjrrbNSwcGFR","Anuel AA, Quevedo, Maluma, Mambo Kingz, DJ Luian","OA","Hear This Music",34,123,41,"96778"
140,"spotify:track:0JcNysfWVWaMS7R6vzGB2k","Carlos Vives, Sebastian Yatra","Robarte un Beso","Sony Music Latin",1,119,146,"96730"
141,"spotify:track:1JpzJfxjHGFUyTHXLZidok","Ryan Castro, Feid","Monastery","UMLE - Latino",4,122,141,"95868"
142,"spotify:track:6sRQjwLPdzADXhgZeKy6PQ","Frankie Ruiz","Tú Con El","flyMusic Producciones",128,143,70,"95568"
143,"spotify:track:4NoOME4Dhf4xgxbHDT7VGe","KAROL G, Romeo Santos","X SI VOLVEMOS","Universal Music Latino",5,165,77,"94957"
144,"spotify:track:6ebo7CQn4ILLGvXRmXHhQz","TINI, Maria Becerra","Miénteme","5020 Records",7,121,128,"94651"
145,"spotify:track:79IBoMfFn67UI15YkP1FSp","Ryan Castro, SOG","EL RITMO QUE NOS UNE - feat. Selección Colombia","AWOO Corp.",31,31,2,"94561"
146,"spotify:track:5EbtodsuLbxrFDH6j5avVS","Camilo, Pablo Alborán","El Mismo Aire - con Pablo Alborán","Sony Music Latin",20,130,55,"94309"
147,"spotify:track:6y8z28epOv5FlaxDv1Lo5B","Ryan Castro","Jordan","King Records",2,120,127,"94253"
148,"spotify:track:3lR4O0vtkhCAvVEUEWUL0S","Piso 21, Christian Nodal","Pa' Olvidarme De Ella","WM Mexico",31,131,131,"93491"
149,"spotify:track:69vlMrzHwATKzupwNcUPyK","Bad Bunny, Daddy Yankee","La Santa","Rimas Entertainment LLC",5,134,230,"92513"
150,"spotify:track:2f0Ft2XdvNSMSY5TUlZgEz","Pablo Alborán","Saturno","WM Spain",28,173,87,"92135"
151,"spotify:track:13Tbv4nflNxg9kYBIbJnd9","Rauw Alejandro","Dile a El","Sony Music Latin/Duars Entertainment",151,166,2,"91183"
152,"spotify:track:2in1gSZtv2lRbcZUmN9aAl","Fonseca","Te Mando Flores","Universal Music Colombia S.A.S.",104,167,211,"90707"
153,"spotify:track:2Yc3MHpZ9R5UCIz78E20AQ","Feid","ALAKRAN","UMLE - Latino",28,139,34,"90531"
154,"spotify:track:2Dbq5moIguMsbRZa9SB7gD","Tony Dize, Yandel","Permitame (feat. Yandel)","Pina Records",93,151,139,"90371"
155,"spotify:track:2tTmW7RDtMQtBk7m2rYeSw","Bizarrap, Quevedo","Quevedo: Bzrp Music Sessions, Vol. 52","DALE PLAY Records",1,140,100,"90221"
156,"spotify:track:3fjN3y5x4hN53rykAN2LHQ","Rels B","cómo dormiste?","DALE PLAY Records / Flakk Team",19,141,103,"90013"
157,"spotify:track:4f49sFQko7jHLEFd3tCf5p","Don Omar","Ojitos Chiquitos","UMLE - Machete",74,158,134,"89032"
158,"spotify:track:3hRV0jL3vUpRrcy398teAU","Lord Huron","The Night We Met","Play It Again Sam",128,160,17,"88730"
159,"spotify:track:3TlghSCu53YEUigL9RuqnU","Rauw Alejandro","Déjame Entrar","Sony Music Latin/Duars Entertainment",159,-1,1,"88630"
160,"spotify:track:0SoBfYjQHvL6cuWHtPUYnq","Valentino Merlo, The La Planta","Hoy","TLP Records",160,-1,1,"88305"
161,"spotify:track:4RPeZbmVON5ZKT5HC9wALt","Beéle","Morena","5020 Records",124,182,7,"88266"
162,"spotify:track:4gJfPoMIcSDGY0tMGxm6Fu","KAROL G","OKI DOKI","Bichota/Interscope Records",43,170,50,"88214"
163,"spotify:track:5oYVxFt2k4SkVp6wzVsFWN","Sevdaliza, Villano Antillano, Tokischa","Ride Or Die, Pt. 2 (with Villano Antillano & Tokischa)","Twisted Elegance",10,89,14,"88207"
164,"spotify:track:39L3LdlHS3gqB62HPWaJRg","Bad Bunny","NO ME QUIERO CASAR","Rimas Entertainment LLC",20,155,41,"87771"
165,"spotify:track:78dbqYDvx6FOefROApu9w0","Shakira","Inevitable","Epic",148,148,12,"87685"
166,"spotify:track:2kz1YOhJiNubjigR1gB1VX","Rauw Alejandro","DILUVIO","Sony Music Latin/Duars Entertainment",23,152,40,"87665"
167,"spotify:track:0323rphB8wdBL4riIlKt0G","Luis Alfonso","Chismofilia","La Industria",128,145,6,"87386"
168,"spotify:track:5XeFesFbtLpXzIVDNQP22n","Arctic Monkeys","I Wanna Be Yours","Domino Recording Co",77,162,101,"87346"
169,"spotify:track:7eNwwoxDR8KVzNAuGvliAO","Omar Courtz, De La Rose, Haze","Kyoto","House of Haze",169,-1,1,"86941"
170,"spotify:track:5EJ2THuhAapEIeQOtXUQ0x","Maná","Oye Mi Amor","WM Mexico",58,168,41,"86723"
171,"spotify:track:0sfk352FO8bJUjWjIsyzSR","Mora","DONDE SE APRENDE A QUERER?","Rimas Entertainment LLC",6,154,47,"86721"
172,"spotify:track:4mIc3AQWkqLb2LVjkVKv4K","Morat","Faltas Tú","Universal Music Spain S.L.",139,-1,2,"86499"
173,"spotify:track:04x1x0L8BYyIv1XlcJxWfi","Tainy, Bad Bunny, Julieta Venegas","Lo Siento BB:/","NEON16, LLC",1,187,125,"86231"
174,"spotify:track:2QjOHCTQ1Jl3zawyYOpxh6","The Neighbourhood","Sweater Weather","Columbia",114,153,86,"86181"
175,"spotify:track:50qm2o9IDiRpn62f3NMzw8","Waldokinc El Troyano","Alto Troyanaje","Waldokinc El Troyano",76,150,20,"86133"
176,"spotify:track:71wFwRo8xGc4lrcyKwsvba","Bad Bunny, Tainy","Callaita","Rimas Entertainment LLC",1,171,225,"86104"
177,"spotify:track:1TMxv8sfUhU55AC6Ul1PU5","Eddie Santiago","Que Locura Enamorarme De Ti","National Own",150,190,12,"85959"
178,"spotify:track:1MB8kTH7VKvAMfL9SHgJmG","Sebastian Yatra, Manuel Turizo, Beéle","VAGABUNDO","UMLE - Latino",27,178,62,"85933"
179,"spotify:track:0GJwUAlBMJTbY4VE7iE761","KAROL G, Cris Mj, Ryan Castro","UNA NOCHE EN MEDELLÍN - REMIX","Bichota/Interscope Records",33,177,45,"85769"
180,"spotify:track:4SJHHpKhcuXwDsCsPqshXj","Rauw Alejandro, Chencho Corleone","El Efecto","Duars Entertainment, Corp.",21,163,123,"85506"
181,"spotify:track:7M6CFruBrM5x7u0lTMtm6r","Morat","Cómo Te Atreves","Universal Music Spain S.L.",60,-1,116,"85467"
182,"spotify:track:6C1RD7YQVvt3YQj0CmuTeu","Bad Bunny, Ozuna, Farruko, Arcángel, Ñengo Flow, DJ Luian, Mambo Kingz","Diles","Rimas Entertainment LLC",35,164,227,"85270"
183,"spotify:track:5HR7yfhSCeoOHRQN05XnZQ","Grupo Frontera, Carin Leon","QUE VUELVAS","Grupo Frontera",49,169,65,"85160"
184,"spotify:track:2XA5q5FBwqrlkGBzzOOVeK","Beret, Morat","Porfa no te vayas","WM Spain",117,-1,7,"84912"
185,"spotify:track:7DhYjNLksXZhbRQeheAums","Bacilos","Caraluna","WEA Latina",30,172,396,"84836"
186,"spotify:track:2GSr8anleCXKLNjjjijoMZ","Reik","Yo Quisiera","Columbia",138,149,15,"84755"
187,"spotify:track:3xkHsmpQCBMytMJNiDf3Ii","Benson Boone","Beautiful Things","Night Street Records, Inc./Warner Records Inc.",20,157,23,"84462"
188,"spotify:track:1p7m9H4H8s0Y7SgRm7j3ED","Andrés Calamaro","Flaca","DRO/EastWest Spain",148,194,28,"84361"
189,"spotify:track:1Wrzhfa5bNlqvsnCztz190","Hombres G","Devuélveme a mi chica","WM Spain",76,175,267,"83551"
190,"spotify:track:0RD94y2DlYTzEePb4WuVbU","Nicki Nicole, Rels B","qué le pasa conmigo?","Sony Music Latin/DALE PLAY Records",104,174,11,"83395"
191,"spotify:track:4UkUxO2WlKLc0Q1iEutGGh","KAROL G, Tiësto","CONTIGO (with Tiësto)","Bichota/Interscope Records",20,181,19,"83084"
192,"spotify:track:0zNMdrDEs5N0JPQ7RYQZln","Ryan Castro, Peso Pluma, SOG","QUEMA","Sony Music Entertainment",18,159,54,"82615"
193,"spotify:track:28UP90XhjCovLtieduYr9P","Mon Laferte, Bunbury","Mi Buen Amor","Universal Music Mexico",63,200,57,"82410"
194,"spotify:track:7CyPwkp0oE8Ro9Dd5CUDjW","The Weeknd, JENNIE, Lily-Rose Depp","One Of The Girls (with JENNIE, Lily Rose Depp)","XO / Republic Records",60,180,33,"82285"
195,"spotify:track:5EhzE6HJaCcLFrf5rPqvpk","Camila","Mientes","Columbia",120,188,25,"81869"
196,"spotify:track:6ofZxXoNV32YxXezZS1o8y","Aventura","El Malo","Premium Latin Music",37,185,13,"81620"
197,"spotify:track:4jY5SnGbpH6FdGCqVbhOD4","Yandar & Yostin, Andy Rivera","Te Pintaron Pajaritos","Yandar & Yostin",34,138,68,"80754"
198,"spotify:track:16iLGYXMiLUhvqTEIu4pKB","Milo j","3 PECADOS DESPUES…","DALE PLAY Records",198,-1,1,"79888"
199,"spotify:track:1pLCpA1RN8avJxSD3ZCwhj","Arcángel","Pa' Que La Pases Bien","Cinq Recordings",97,179,32,"79763"
200,"spotify:track:6IfMD01z39P15HKezjdaMP","Juan Luis Guerra 4.40","Bachata En Fukuoka","Capitol Latin",163,-1,3,"79721"
